Nivel de qualidade,Data,Hora UTC,Incerteza UTC,Lat,Lon,Incerteza Local ,Município ,Estado,Fenomeno,Itensidade,Informativo
1,20181215,1745,0,-267.980,-509.840,0,Caçador,SC,TOR,0.0,"Horário estimado pelo radar de Morro da Igreja. Tornado EF-0 destelha casas na Av. Albino Potrich, no Bairro Martello. Vídeo no link. https://noticiahoje.net/video-mostra-residencias-sendo-destruidas-por-vendaval-em-cacador/, https://noticiahoje.net/temporal-destelha-ginasio-da-escola-ulysses-guimaraes/"
1,20181221,1855,0,-275.060,-486.370,0,Biguaçu,SC,TOR,0.0,"Horário estimado pelo radar de Morro da Igreja. Tromba d'água registrada em Biguaçu na Praia João Rosa. https://www.instagram.com/p/Brqo2BCAvyp/?utm_source=ig_web_copy_link, https://m.facebook.com/story.php?story_fbid=1880674698724763&id=1843634945878264&refsrc=http%3A%2F%2Fwww.google.com%2F&_rdr"
1,20190113,1855,10,-283.000,-499.380,1,São Joaquim,SC,TOR,0.0,"Horário estimado pelo radar de Morro da Igreja. 8 casas destelhadas no bairro Cohab 2. Vídeos mostram clara rotação dos ventos e funil. https://www.nsctotal.com.br/noticias/video-morador-registra-vendaval-que-causou-destelhamento-de-casas-na-serra-de-sc, https://saojoaquimonline.com.br/climaterra/2019/01/13/moradores-filmam-tufao-de-vento-destelhando-casas-em-sao-joaquim/"
1,20190318,1340,10,-271.139,-508.001,0.1,Fraiburgo,SC,TOR,0.0,Horário estimado por radar. Pequena mata totalmente decepada.  Observado por satélite ambiental.
1,20190318,1340,10,-271.129,-508.021,0.1,Fraiburgo,SC,TOR,0.0,Horário estimado por radar. Rastro de danos com 80 m de largura e com forte gradiente em lavoura. Observado por satélite ambiental.
1,20190318,1340,10,-271.118,-508.036,0.1,Fraiburgo,SC,TOR,0.0,Horário estimado por radar. Rastro de danos com 80 m de largura e com forte gradiente em lavoura. Observado por satélite ambiental.
1,20190318,1340,10,-271.109,-508.054,0.1,Fraiburgo,SC,TOR,0.0,Horário estimado por radar.Rastro de danos com 80 m de largura e com forte gradiente em lavoura. Observado por satélite ambiental.
1,20190318,1340,10,-271.102,-508.064,0.1,Fraiburgo,SC,TOR,0.0,Horário estimado por radar. Rastro de danos com 80 m de largura e com forte gradiente em lavoura. Observado por satélite ambiental.
1,20190318,1340,10,-271.092,-508.087,0.1,Fraiburgo,SC,TOR,0.0,Horário estimado por radar. Mata nativa com árvores decepedas.  Observado por satélite ambiental.
1,20190318,1340,10,-271.083,-508.105,0.1,Fraiburgo,SC,TOR,0.0,Horário estimado por radar. Mata nativa com árvores decepedas.  Observado por satélite ambiental.
1,20190318,1340,10,-271.074,-508.122,0.1,Fraiburgo,SC,TOR,0.0,Horário estimado por radar. Mata nativa com árvores decepedas.  Observado por satélite ambiental.
1,20190318,1340,10,-271.063,-508.138,0.1,Fraiburgo,SC,TOR,0.0,Horário estimado por radar. Mata nativa com árvores decepedas.  Observado por satélite ambiental.
3,20190318,1343,3,-271.185,-507.913,0.1,Fraiburgo,SC,TOR,0.0,"Horário de acordo com câmera de segurança. Danos verificados em campo por técnica em meteorologia. Os registros de fotos, relatos e vídeos, permitem classificar como um tornado F0. Árvores pequenas derrubadas na propriedade de Vacário. Dentro da propriedade derrubou uma grande araucária sobre um galpão. Rastro estimado de 3.6 km e largura média de 80 a 100 metros. https://www.facebook.com/thunderstorm.chasers/videos/2408222389409188/, https://www.curitibanosonline.com/noticias/regio/357104/1, https://www.curitibanosonline.com/noticias/regio/357104/1, https://destinos-sc.com.br/urgente-video-mostra-momento-em-que-tornado-teria-atingido-cidade-em-santa-catarina/, http://lebonregisonline.com.br/noticias/geral/3752-uma-possivel-micro-explosao-atmosferica-na-regiao-de-fraiburgo-e-frei-rogerio.html, https://www.youtube.com/watch?v=r5rIA2YKpwE&feature=youtu.be"
3,20190318,1343,5,-271.205,-507.877,0.1,Fraiburgo,SC,TOR,0.0,"Horário de acordo com câmera de segurança.Danos verificados em campo por técnica em meteorologia. Formação de um segundo tornado na propriedade de Vacário, provavelmente um satélite F0, que percorreu apenas 299 metros. https://www.facebook.com/thunderstorm.chasers/videos/2408222389409188/, https://www.curitibanosonline.com/noticias/regio/357104/1, https://www.curitibanosonline.com/noticias/regio/357104/1, https://destinos-sc.com.br/urgente-video-mostra-momento-em-que-tornado-teria-atingido-cidade-em-santa-catarina/, http://lebonregisonline.com.br/noticias/geral/3752-uma-possivel-micro-explosao-atmosferica-na-regiao-de-fraiburgo-e-frei-rogerio.html, https://www.youtube.com/watch?v=r5rIA2YKpwE&feature=youtu.be"
3,20190318,1345,10,-271.224,-507.840,0.1,Frei Rogério,SC,TOR,1.0,"Horário estimado por câmera de segurança e pelo radar de Morro da Igreja. Danos verificados em campo por técnica em meteorologia. Tornado entra na propriedade de Juca e provoca danos condizentes com um tornado F1. Grandes Araucárias são decepadas, e seu galhos são jogados a centenas de metros e cravados no solo. Uma árvore Embuia foi arranca pela raiz e jogada a aproximadamente 100 metros. O tornado arrancou um poste de concreto de mais de 10 metros do lugar. Segundo relato de Seu Juca, as copas das Araucárias eram arrancadas por uma fumaça que girava e jogava as árvores para cima a mais de 100 metros de altura. https://www.facebook.com/thunderstorm.chasers/videos/2408222389409188/, https://www.curitibanosonline.com/noticias/regio/357104/1, https://www.curitibanosonline.com/noticias/regio/357104/1, https://destinos-sc.com.br/urgente-video-mostra-momento-em-que-tornado-teria-atingido-cidade-em-santa-catarina/, http://lebonregisonline.com.br/noticias/geral/3752-uma-possivel-micro-explosao-atmosferica-na-regiao-de-fraiburgo-e-frei-rogerio.html, https://www.youtube.com/watch?v=r5rIA2YKpwE&feature=youtu.be"
3,20190318,1345,10,-271.292,-507.731,0.1,Frei Rogério,SC,TOR,1.0,"Horário estimado por câmera de segurança e pelo radar de Morro da Igreja. Danos verificados em campo por técnica em meteorologia. Tornado entra na proprieda de Reni, filho de Juca, e destelha seu galpão de fumo e parte do telhado de sua casa. Danos condizentes com tornado F1. https://www.facebook.com/thunderstorm.chasers/videos/2408222389409188/, https://www.curitibanosonline.com/noticias/regio/357104/1, https://www.curitibanosonline.com/noticias/regio/357104/1, https://destinos-sc.com.br/urgente-video-mostra-momento-em-que-tornado-teria-atingido-cidade-em-santa-catarina/, http://lebonregisonline.com.br/noticias/geral/3752-uma-possivel-micro-explosao-atmosferica-na-regiao-de-fraiburgo-e-frei-rogerio.html, https://www.youtube.com/watch?v=r5rIA2YKpwE&feature=youtu.be"
3,20190318,1345,10,-271.350,-507.620,0.1,Frei Rogério,SC,TOR,1.0,"Horário estimado por câmera de segurança e pelo radar de Morro da Igreja. Danos verificados em campo por técnica em meteorologia. Tornado ainda F1 destelha totalmente a casa de Ilgo e Hilda e arranca árvores. Fenômeno durou menos de 1 minuto segundo os relatos. https://www.facebook.com/thunderstorm.chasers/videos/2408222389409188/, https://www.curitibanosonline.com/noticias/regio/357104/1, https://www.curitibanosonline.com/noticias/regio/357104/1, https://destinos-sc.com.br/urgente-video-mostra-momento-em-que-tornado-teria-atingido-cidade-em-santa-catarina/, http://lebonregisonline.com.br/noticias/geral/3752-uma-possivel-micro-explosao-atmosferica-na-regiao-de-fraiburgo-e-frei-rogerio.html, https://www.youtube.com/watch?v=r5rIA2YKpwE&feature=youtu.be"
1,20190425,1840,10,-263.491,-532.787,3,Palma Sola,SC,TOR,0.0,"Horário estimado pelo radar de Chapecó. Morador filmou nuvem funil formando sobre uma área de mata no bairro Agrícola, e disse ter visto poeira subir logo abaixo da nuvem funil. https://m.facebook.com/story.php?story_fbid=1978885982239724&id=185514721576868"
1,20191212,1805,10,-276.109,-485.316,1,Florianópolis,SC,TOR,0.0,"Horário estimado pelo radar de Morro da Igreja. Tornado filmado no Sacos dos Limões, Avenida Prefeito Waldemar Vieira. Vídeo recebido de rede social."
1,20200610,1850,15,-270.424,-537.467,0.1,Itapiranga,SC,TOR,0.0,"Horário estimado pelo radar de Chapecó. Danos a mato de eucaliptos e galpões. Relato de dois moradores de duas propriedades na Linha Conceição. Rastro de destruição de 2 km de comprimento por 500 m de largura segundo morador, atingindo em torno de 8 propriedades. Moradores relatam ter visto o vento girando, parecendo um redemoinho, apos a ventania. Relato via rede social. https://portalsmo.com.br/1/noticias/29/geral/88082/temporal-causa-estragos-tambem-na-regiao-de-itapiranga"
1,20200610,1850,15,-270.408,-537.451,0.15,Itapiranga,SC,TOR,0.0,Horário estimado pelo radar. Casas destelhadas e mata decepada. Observado por satélite ambiental.
1,20200610,1850,15,-270.416,-537.422,0.2,Itapiranga,SC,TOR,0.0,Horário estimado pelo radar. Diversas tempestades passaram na região. Mata decepadas. Observado por satélite ambiental.
1,20200610,1850,15,-270.446,-537.356,0.2,Itapiranga,SC,TOR,0.0,Horário estimado pelo radar. Diversas tempestades passaram na região. Mata decepadas. Observado por satélite ambiental.
1,20200610,1855,15,-270.456,-537.272,0.2,Itapiranga,SC,TOR,0.0,Horário estimado pelo radar. Diversas tempestades passaram na região. Mata decepadas. Observado por satélite ambiental.
2,20200610,1856,5,-269.892,-535.696,3,Tunápolis,SC,TOR,0.0,"Tornado filmado por morador de Iporã do Oeste, segundo ele aproximadamente 3 km a oeste do ponto da filmagem. Houve virada brusca do vento. https://www.facebook.com/conexaogeoclima/videos/181138053329637/?__tn__=%2Cd%2CP-R&eid=ARA1frqEjXvFsrQyXWrINSIjy32BfkfTxxXbtE5vymruz4rt9NBJilwtCtqBIbFqxwlSz8ei8-ww4udV"
3,20200610,2035,15,-268.446,-535.792,1,Belmonte,SC,TOR,0.0,"Horário estimado pelo radar de Chapecó. Decretada Situação de Emergência. 4 pessoa feridas. Diversas casas completamente destelhadas, com eletrodomésticos espalhados pela rua. Prejuízos de R$1,7 milhão de reais. http://agenciaal.alesc.sc.gov.br/index.php/noticia_single/bancada-do-oeste-debate-situacaeo-de-municipios-atingidos-por-tornado#!prettyPhoto, https://radioalianca.com.br/plantao/equipes-do-governo-estao-mobilizadas-para-reparar-estragos-provocados-por-forte-temporal-no-oeste, https://wh3.com.br/noticia/199349/belmonte-decreta-situacao-de-emergencia-por-conta-do-vendaval.html, https://www.voltagrandeonline.com.br/noticias/cidades/8141-tornado-causa-destruicao-no-oeste-catarinense/, https://wh3.com.br/noticia/199349/belmonte-decreta-situacao-de-emergencia-por-conta-do-vendaval.html, http://www.folhadooeste.com.br/cidades/forte-temporal-deixa-estragos-em-belmonte-1.2234600"
1,20200610,2035,15,-268.425,-535.940,0.1,Belmonte,SC,TOR,0.0,Horário estimado pelo radar mas pode ter sido às 1110 UTC.Rastro evidente em Lavoura e galpão destruido.  Observado por satélite ambiental.
1,20200610,2035,15,-268.427,-535.975,0.1,Belmonte,SC,TOR,0.0,Horário estimado pelo radar mas pode ter sido às 1110 UTCRastro evidente em Lavoura e galpão destruido.  Observado por satélite ambiental.
1,20200610,2035,15,-268.438,-535.624,0.1,Belmonte,SC,TOR,0.0,Horário estimado pelo radar mas pode ter sido às 1110 UTCMata decepada.  Observado por satélite ambiental.
1,20200610,2035,15,-268.429,-535.564,0.2,Belmonte,SC,TOR,0.0,Horário estimado pelo radar mas pode ter sido às 1110 UTCMata decepada.  Observado por satélite ambiental.
1,20200610,2040,15,-268.442,-535.518,0.1,Descanso,SC,TOR,0.0,Horário estimado pelo radar.  Mata decepada.  Observado por satélite ambiental.
1,20200610,2040,15,-268.423,-535.487,0.25,Descanso,SC,TOR,0.0,Horário estimado pelo radar.  Mata decepada.  Observado por satélite ambiental.
1,20200610,2040,15,-268.404,-535.447,0.2,Descanso,SC,TOR,0.0,Horário estimado pelo radar. Mata decepada e sedes de fazenda destruidas.  Observado por satélite ambiental.
1,20200610,2040,15,-268.389,-535.408,0.1,Descanso,SC,TOR,0.0,Horário estimado pelo radar. Fazenda com casas destruídas e arvores decepadas. Observado por satélite ambiental.
1,20200610,2040,15,-268.408,-535.341,0.1,Descanso,SC,TOR,0.0,Horário estimado pelo radar. Mata decepada.  Observado por satélite ambiental.
3,20200610,2045,15,-268.251,-535.032,1,Descanso,SC,TOR,0.0,"Horário estimado por transmissão ao vivo pelo Facebook e radar de Chapecó. 16 pessoas feridas. Decretado Estado de Calamidade Pública. 915 pessoas atingidas. Estruturas destruídas: 261 moradias, 44 moradias no interior, 5 estabelecimentos comerciais e 17 benfeitorias em propriedades rurais. 1 ginásio e o prédio da prefeitura. Pontes, pontilhões e estradas destruídas também pela enxurrada. Prejuízos passam de R$ 6,2 milhões. Bairro Antônio Heck mais afetado. Partes da cidade atingida: bairro Antônio Rech, loteamento Uczai, loteamento Jardim Itália, parte do centro da cidade, saída para as linhas Gaúcha, Pratinha e Campinas. http://agenciaal.alesc.sc.gov.br/index.php/noticia_single/bancada-do-oeste-debate-situacaeo-de-municipios-atingidos-por-tornado#!prettyPhoto, https://www.facebook.com/watch/?v=257705092316413, https://www.facebook.com/portalpeperi/videos/533334324215785/?v=533334324215785, https://www.portalminhadescanso.com.br/noticia/1754/em-torno-de-280-edificacoes-foram-danificadas-pelo-forte-temporal, https://ndmais.com.br/noticias/video-moradora-registra-estragos-e-destruicao-na-cidade-de-descanso/, https://www.facebook.com/watch/?v=626450911551855, https://www.facebook.com/watch/live/?v=869116780266238&ref=watch_permalink, https://www.peperi.com.br/noticias/10-06-2020-so-pode-ter-sido-um-tornado-diz-morador-apos-temporal-em-descanso/, https://www.peperi.com.br/noticias/10-06-2020-so-pode-ter-sido-um-tornado-diz-morador-apos-temporal-em-descanso/, https://www.diariodoiguacu.com.br/noticias/detalhes/temporal-destroi-árvores-e-destelha-edificacoes-entre-belmonte-e-descanso-55787, https://www.jornaldafronteira.com.br/descanso-deve-decretar-estado-de-calamidade-publica-nesta-quinta-feira/, https://www.jornaldafronteira.com.br/pelo-menos-16-pessoas-ficaram-feridas-durante-o-tornado-em-descanso/, https://trespassosnews.com.br/video-casa-desaba-sobre-familia-durante-tornado-no-extremo-oeste/, https://wh3.com.br/noticia/199431/comunidade-descansense-reconstroi-residencias-e-edificacoes-atingidas-por-tornado.html, https://ndmais.com.br/videos/balanco-geral-florianopolis/vento-e-chuva-causam-estragos-em-cidades-do-oeste/"
1,20200610,2045,15,-268.391,-535.295,0.1,Descanso,SC,TOR,0.0,Horário estimado pelo radar. Mata decepada.  Observado por satélite ambiental.
1,20200610,2045,15,-268.373,-535.253,0.1,Descanso,SC,TOR,0.0,Horário estimado pelo radar. Matas decepasas e galpão destruído. Observado por satélite ambiental.
1,20200610,2045,15,-268.327,-535.196,0.1,Descanso,SC,TOR,0.0,Horário estimado pelo radar. Matas decepasas e galpão destruído. Observado por satélite ambiental.
1,20200610,2045,15,-268.349,-535.142,0.1,Descanso,SC,TOR,0.0,"Horário estimado pelo radar. Danos na Linha Macaco Branco. Vacas e aves morreram. Algumas casas de madeira perderam todas as paredes. Dezenas de árvores decepadas. Destroços jogados em todas as direções. Danos tambem na Linha São Valentim. https://www.portalminhadescanso.com.br/noticia/1750/propriedades-rurais-tambem-sao-destruidas-pelo-tornado, https://www.tvgc.com.br/noticia/27887/%22foram-segundos-o-vento-levou-tudo%22-revela-fam%C3%ADlia-sobre-tornado-no-interior-de-descanso.html"
1,20200610,2045,15,-268.330,-535.121,0.1,Descanso,SC,TOR,0.0,Horário estimado pelo radar. Matas decepasas e galpão destruído. Observado por satélite ambiental.
1,20200610,2045,15,-268.285,-534.895,0.1,Descanso,SC,TOR,0.0,Horário estimado pelo radar. Mata decepada.  Observado por satélite ambiental.
1,20200610,2045,15,-268.275,-534.831,0.3,Descanso,SC,TOR,0.0,Horário estimado pelo radar. Mata decepada.  Observado por satélite ambiental.
1,20200610,2050,15,-268.223,-534.683,0.5,Descanso,SC,TOR,0.0,"Horário estimado pelo radar. Danos na Linha Pratinha. Diversas casas destelhadas, um salão e uma igreja. Queda de muros e vidros quebrados, árvores arrancadas. https://www.progresso.am.br/post/112231/interior-de-descanso-tambem-apresenta-estragos-causados-pelo-tornado.html"
1,20200610,2050,15,-268.193,-534.579,0.5,Descanso,SC,TOR,0.0,Horário estimado pelo radar. Galpão colapsado.  Observado por satélite ambiental. Aviários destruídos na Linha Alegre. https://www.portalminhadescanso.com.br/noticia/1750/propriedades-rurais-tambem-sao-destruidas-pelo-tornado
1,20200814,1840,10,-270.002,-515.558,1,Água Doce,SC,TOR,0.0,"Horário estimado pelo radar de Chapecó. 11 feridos. 1 morto, menino pescando foi sugado. Tornado confirmado pela Defesa Civil. Decretado Estado de Calamidade Pública. Assinatura de gancho claro. Destelhamento de prédio e danos na cidade. Casas de alvenaria destruídas, apenas com a fundação. Carro popular foi jogado sobre uma casa destruída. Tornado filmado na Av. Independência. https://www.atualfm.com.br/site/calamidade-imagens-aereas-impressionam-apos-passagem-de-tornado-que-devastou-a-cidade-de-agua-doce/, https://g1.globo.com/sc/santa-catarina/noticia/2020/08/15/tornados-e-tempestades-com-granizo-deixam-rastro-de-destruicao-em-sc.ghtml, https://www.nsctotal.com.br/noticias/dois-tornados-atingem-sc-confirma-defesa-civil, https://www.facebook.com/minhaaguadoce/videos/325975901929928/, https://ndmais.com.br/tempo/chefe-da-defesa-civil-viaja-a-regiao-do-meio-oeste-atingida-pelo-tornado/, https://oblumenauense.com.br/video-forte-temporal-causa-grandes-prejuizos-em-agua-doce-e-tangara-nesta-sexta-14-08/, http://www.litoralmania.com.br/tornados-e-tempestades-com-granizo-deixam-rastro-de-destruicao-em-sc/, https://ndmais.com.br/tempo/tornado-perdemos-praticamente-tudo-conta-moradora-de-agua-doce/, https://rondapolicial.net.br/noticia/video-xanxerense-registra-imagens-e-relata-cenas-da-destruicao-causada-por-um-tornado-em-agua-doce/, https://visornoticias.com.br/noticia/18978/vdeo%20menina%20de%2015%20anos%20salva%20pai%20cadeirante%20durante%20tornado%20em%20santa%20catarina, https://www.youtube.com/watch?v=yHQkB48DCTA&feature=emb_logo, https://ndmais.com.br/tempo/apos-tornado-fim-de-semana-de-reconstrucao-em-agua-doce/, https://cultura.uol.com.br/noticias/12216_tornado-em-santa-catarina-destruiu-4-mil-casas-e-deixou-mais-de-mil-desabrigados-no-ultimo-sabado-15.html"
1,20200814,1845,10,-270.222,-514.264,3,Treze Tílias,SC,TOR,0.0,"Horário estimado pelo radar de Chapecó. Danos a árvores e residências na Linha São Paulo. Casa com paredes de alvenaria parcialmente derrubadas. Suinos mortos no interior. https://www.noticiasagricolas.com.br/noticias/granjeiros/266148-sc-suinocultores-tem-granjas-destruidas-pelas-chuvas-e-tentam-fazer-carregamento-dos-animais.html#.Xzq-xuhKiUm, https://www.facebook.com/watch/?extid=s9jD0zmyozD977Xy&v=616984222564193, https://www.tropicalfm99.com.br/noticia/24387/treze-tilias-decreta-situacao-de-emergencia-apos-tornado-deixar-mais-rs1-milhao-em-prejuizos-no-municipio"
3,20200814,1850,10,-270.458,-513.972,0.1,Ibicaré,SC,TOR,0.0,Horário estimado pelo radar de Chapecó. Árvores decepadas. Ponto é perto da Linha Gramado dos Leite e São Jose.
1,20200814,1850,10,-270.619,-514.110,2,Ibicaré,SC,TOR,0.0,Horário estimado pelo radar de Chapecó. Destelhamentos na Linha Santo Antônio. Fica no rastro do tornado. http://www.michelteixeira.com.br/ibicare-nove-casas-foram-perdidas-e-70-familias-atingidas-por-tornado/
1,20200814,1850,10,-270.341,-513.634,3,Treze Tílias,SC,TOR,0.0,"Horário estimado pelo radar de Chapecó. Danos na comunidade de São Roque. https://www.noticiasagricolas.com.br/noticias/granjeiros/266148-sc-suinocultores-tem-granjas-destruidas-pelas-chuvas-e-tentam-fazer-carregamento-dos-animais.html#.Xzq-xuhKiUm, https://www.facebook.com/watch/?extid=s9jD0zmyozD977Xy&v=616984222564193, https://www.tropicalfm99.com.br/noticia/24387/treze-tilias-decreta-situacao-de-emergencia-apos-tornado-deixar-mais-rs1-milhao-em-prejuizos-no-municipio, https://www.canalrural.com.br/noticias/pecuaria/tornado-santa-catarina-destroi-granjas/, https://g1.globo.com/sc/santa-catarina/noticia/2020/08/17/ao-menos-seis-cidades-de-sc-vao-decretar-emergencia-por-causa-de-tornados-e-temporais-diz-defesa-civil.ghtml"
3,20200814,1850,10,-270.383,-513.896,0.1,Ibicaré,SC,TOR,0.0,Horário estimado pelo radar de Chapecó. Danos em estrutura de um Ginásio do Centro de Integreação e Desporto e Lazer. Matas de eucaliptos complatemante decepadas pela base. Propriedades danificadas. https://g1.globo.com/sc/santa-catarina/noticia/2020/08/17/ao-menos-seis-cidades-de-sc-vao-decretar-emergencia-por-causa-de-tornados-e-temporais-diz-defesa-civil.ghtml
1,20200814,1855,10,-270.543,-513.232,2,Ibicaré,SC,TOR,0.0,Horário estimado pelo radar de Chapecó. Linha Duque de Caxias. Casas destelhadas e cenário com matas decepadas. Igreja da Paróquia São José destruída na Linha São José. https://diarioriodopeixe.com/2020/08/17/familias-de-ibicare-atingidas-pelo-tornado-precisam-de-ajuda/
1,20200814,1855,10,-270.817,-513.354,2,Ibicaré,SC,TOR,0.0,Horário estimado pelo radar de Chapecó. Destelhamentos na Linha São Salvador e Lajeado Grande. Ficam no rastro do tornado. http://www.michelteixeira.com.br/ibicare-nove-casas-foram-perdidas-e-70-familias-atingidas-por-tornado/
3,20200814,1855,10,-270.815,-512.867,0.1,Tangará,SC,TOR,0.0,"Horário estimado pelo radar de Chapecó. Matas de eucaliptos completamente decepadas, aparentemente devido à passagem do centro do tornado principal, com rastro de largura estimada de mais de 380 m em um vale."
3,20200814,1855,10,-270.811,-512.828,0.1,Tangará,SC,TOR,0.0,"Horário estimado pelo radar de Chapecó. Danos amplos na vegetação, com rastro de largura estimada de mais de 380 m."
3,20200814,1855,10,-270.770,-512.825,0.1,Tangará,SC,TOR,0.0,Horário estimado pelo radar de Chapecó. Danos na vegetação.
3,20200814,1855,10,-270.721,-512.886,0.1,Tangará,SC,TOR,0.0,Horário estimado pelo radar de Chapecó. Entrevista com morador que teve casa danificada. Morador fala em danos graves na Linha Petri. Rastro muito largo. Casa destruída no vale. Matas de pinus com árvores grossas todas decepadas.
3,20200814,1855,10,-270.834,-512.814,0.1,Tangará,SC,TOR,0.0,Horário estimado pelo radar de Chapecó. Árvores grande decepadas. Casas e ranchos destruídos.
3,20200814,1855,10,-270.854,-512.776,0.1,Tangará,SC,TOR,0.0,"Horário estimado pelo radar de Chapecó. Árvores grandes decepadas, casas e ranchos destruídos."
3,20200814,1855,10,-270.961,-512.720,0.1,Tangará,SC,TOR,0.0,Horário estimado pelo radar de Chapecó. Mata de araucária com muitas árvores decepadas.
3,20200814,1855,10,-270.880,-512.805,0.1,Tangará,SC,TOR,0.0,"Horário estimado pelo radar de Chapecó. Casa de alvenaria completamente destruída, ficando apenas na fundação. Móveis da casa foram para a mais de 100 metros do local. Duas criaças que estavam dentro de casa foram sugadas pelo tornado e pararam a dezenas de metros no campo, as duas se feriram uma delas desmaiou e sofreu um corte na cabeça, a outra diversas escoriação. O Banheiro da casa, todo de alvenaria, foi completamente destruído. (relato a partir de entrevista com a moradora da casa)."
3,20200814,1855,10,-270.877,-512.755,0.1,Tangará,SC,TOR,0.0,Horário estimado pelo radar de Chapecó. Pesque e pague destruído. Estrutura da casa de alvenaria com algumas paredes destruídas. Árvores decepadas ao redor.
3,20200814,1855,10,-270.683,-513.026,0.1,Ibicaré,SC,TOR,0.0,Horário estimado pelo radar de Chapecó. Danos amplos em matas de eucaliptos. Muitas árvores decepadas e caídas de maneira aleatória.
3,20200814,1900,10,-271.031,-512.516,0.1,Tangará,SC,TOR,0.0,"Horário estimado pelo radar de Chapecó. 50% do hospital Municipal Frei Rogério foi destelhado. 5 feridos na cidade. Danos leves a residências nas ruas Teofilo Kuhn e Rio Bonito, segundo Defesa Civil. https://www.nsctotal.com.br/noticias/granizo-no-oeste-de-santa-catarina-fotos-e-videos, https://g1.globo.com/sc/santa-catarina/noticia/2020/08/15/tornados-e-tempestades-com-granizo-deixam-rastro-de-destruicao-em-sc.ghtml, https://www.radiocatarinense.com.br/2020/08/temporal-provoca-destruicao-em-agua-doce/"
3,20200814,1900,10,-270.954,-512.605,0.1,Tangará,SC,TOR,0.0,Horário estimado pelo radar de Chapecó. Muitas casas destelhadas no Distrito Industrial I.
3,20200814,1900,10,-270.944,-512.636,0.1,Tangará,SC,TOR,0.0,Horário estimado pelo radar de Chapecó. Árvores com copas decepadas e casa danificada.
3,20200814,1905,5,-271.029,-512.493,0.1,Tangará,SC,TOR,0.0,"Horário estimado pelo radar de Chapecó. R. Padre Fridmundo, Centro. Árvores de tronco grosso decepadas. Rastro bem estreito e curto. Possível tornado satélite. https://g1.globo.com/sc/santa-catarina/noticia/2020/08/17/ao-menos-seis-cidades-de-sc-vao-decretar-emergencia-por-causa-de-tornados-e-temporais-diz-defesa-civil.ghtml"
3,20200814,1905,5,-271.129,-512.476,0.1,Tangará,SC,TOR,0.0,"Horário estimado por relato e radar de Chapecó. Posto aonde foi filmado tornado de dentro de um caminhão que virou. Outros caminhões foram virados e a estrutura do posto e da mecânica destruída. https://noticias.uol.com.br/cotidiano/ultimas-noticias/2020/08/18/ferido-tornado-santa-catarina-parede-atingido.htm, https://www.youtube.com/watch?v=boI8zecejpg&feature=youtu.be, https://radioalianca.com.br/geral/assista-motorista-que-teve-caminhao-virado-pelo-tornado-consegue-registrar-passagem-do-temporal"
3,20200814,1906,3,-271.150,-512.428,0.1,Tangará,SC,TOR,0.0,Horário estimado por relato e radar de Chapecó. Sobrado de alvenaria completamente destruída. Ficou apenas a fundação e algumas parede de pé. Entrevista com moradora
3,20200814,1907,5,-271.170,-512.347,0.1,Tangará,SC,TOR,0.0,Horário confirmado por moradora atingida. 4 funcionários feridos. Casa destruída no Distrito Industrial II. Valpasa indústria de papel destelhada. 10 milhoes de reais o prejuízo da empresa. https://noticias.uol.com.br/cotidiano/ultimas-noticias/2020/08/17/sc-empresa-estima-prejuizo-de-r-10-mi-com-tornados-destruicao-de-sonho.htm
3,20200814,1908,10,-271.254,-512.256,0.1,Tangará,SC,TOR,0.0,Horário estimado por relato e radar de Chapecó. Rastro intermitente. Empresa parcialmente destruída. https://www.canalrural.com.br/noticias/tornado-em-sc-pode-ter-provocado-prejuizo-de-r-50-milhoes-em-area-rural/
3,20200814,2010,15,-263.799,-507.721,0.1,Irineópolis,SC,TOR,0.0,"Horário estimado pelo radar de Chapecó. Danos a residências e mato decepado perto de Rio Vermelho. Uma casa foi completamente destruída, ficou sem paredes. Carros foram jogados a metros de distância. Família foi arremessada para fora da casa. Coordenadas obtidas pela Defesa Civil em vistoria. O tornado foi filmado em algum ponto do município. Vídeo mostra destroços grandes circulando o tornado. https://www.youtube.com/watch?time_continue=2&v=RXxcbxqZaBo&feature=emb_logo. https://www.polemicaparaiba.com.br/videos-flagrantes/video-registra-momento-em-que-tornado-toca-o-chao-em-santa-catarina-assista/, https://www.atualfm.com.br/site/video-mostra-formacao-de-tornado-que-pode-ter-sido-responsavel-pela-destruicao-na-regiao-de-agua-doce-assista/, https://www.jmais.com.br/tornado-atingiu-pelo-menos-80-familias-no-interior-de-irineopolis/, https://ndmais.com.br/tempo/video-veja-como-ficou-o-interior-de-irineopolis-apos-passagem-de-tornado/, https://ndmais.com.br/tempo/video-veja-como-ficou-o-interior-de-irineopolis-apos-passagem-de-tornado/, https://omunicipio.com.br/video-moradores-registram-tornado-em-santa-catarina-confira-imagens/, https://www.jmais.com.br/vendaval-e-granizo-causam-estragos-em-irineopolis-e-em-porto-uniao/, https://colmeia.am.br/apos-tornado-familias-do-interior-de-irineopolis-contabilizam-prejuizos/, https://www.jmais.com.br/tornado-atingiu-pelo-menos-80-familias-no-interior-de-irineopolis/, https://www.cenariomt.com.br/mundo/em-santa-catarina-vitima-de-tornado-diz-que-foi-arremessado/"
3,20200814,2010,15,-263.867,-507.663,0.1,Irineópolis,SC,TOR,0.0,"Horário estimado pelo radar de Chapecó. Danos a árvores. Coordenadas obtidas pela Defesa Civil em vistoria. O tornado foi filmado em algum ponto do município. Igreja Assembleia de Deus da localidade de Rio Vermelho destruída. https://g1.globo.com/sc/santa-catarina/noticia/2020/08/15/videos-mostram-tornado-atingindo-cidade-do-norte-de-santa-catarina.ghtml, https://www.jmais.com.br/vendaval-e-granizo-causam-estragos-em-irineopolis-e-em-porto-uniao/, https://colmeia.am.br/apos-tornado-familias-do-interior-de-irineopolis-contabilizam-prejuizos/"
1,20200814,2010,15,-263.982,-507.198,3,Irineópolis,SC,TOR,0.0,"Horário estimado pelo radar de Chapecó. Danos nas localidades de Rio Branco e também de Boa Vista. https://www.jmais.com.br/vendaval-e-granizo-causam-estragos-em-irineopolis-e-em-porto-uniao/, https://colmeia.am.br/apos-tornado-familias-do-interior-de-irineopolis-contabilizam-prejuizos/"
1,20201103,1730,20,-274.414,-485.234,5,Florianópolis,SC,TOR,0.0,Horário estimado pelo radar de Morro da Igreja e relato via rede social. Tromba d'água filmada em Jurerê. https://www.instagram.com/p/CHJUU6GDGvy/?igshid=9tjr35nbjx8b
1,20210127,2015,20,-276.752,-486.561,0.1,Palhoça,SC,TOR,0.0,"Horário estimado pelo radar de Morro da Igreja. Landspout filmado destelhando casa e galhos grandes de árvores decepados. Rua Cristóvão Jacques, loteamento Portal da Barra, Bairro Barra do Aririu."
1,20210210,1130,120,-260.493,-486.162,10,Itapoá,SC,TOR,0.0,"Horário estimado por satélite. Tromba d'água filmada no Balneário Rainha. https://g1.globo.com/sc/santa-catarina/noticia/2021/02/10/fotos-nuvem-funil-chama-atencao-de-moradores-no-sul-de-sc.ghtml, https://visornoticias.com.br/video-tornado-e-registrado-no-mar-em-santa-catarina/"
1,20210305,2030,100,-268.634,-486.380,8,Navegantes,SC,TOR,0.0,Horário estimado pelo radar de Morro da Igreja. Tromba d'água avistada do litoral. https://www.instagram.com/p/CMDAGwbDhdM/?igshid=r0q0ct7ajllz
1,20210323,1835,20,-282.043,-487.073,15,Imbituba,SC,TOR,0.0,Horário estimado pelo radar de Morro da Igreja. Relato via rede social. Tromba d'água. https://www.instagram.com/p/CMx804qj6j7/
1,20210529,230,15,-273.769,-513.031,0.1,Campos Novos,SC,TOR,0.0,Horário estimado pelo radar de Morro da Igreja. Torre de energia destruída.
2,20210529,235,15,-273.803,-512.148,0.1,Campos Novos,SC,TOR,0.0,"Horário estimado pelo radar de Morro da Igreja. Quedas de árvores e 288 casas destelhadas na cidade. 2 feridos. Provável EF1. Estação do INMET neste ponto mediu 123.1 km/h. https://www.youtube.com/watch?v=Or4u6aER06U, https://www.youtube.com/watch?v=PtR8VqkjEN8, https://www.youtube.com/watch?v=cd7rcjfmeRU, https://www.instagram.com/p/CPiqsh3jeL6/?utm_medium=copy_link, https://www.lagesdiario.com.br/2021/05/tornado-atingiu-regiao-de-campo, https://clicrdc.com.br/tempo/defesa-civil-confirma-que-tornad https://clicrdc.com.br/tempo/defesa-civil-confirma-que-tornado-atingiu-o-municipio-de-campos-novos-sc/, https://www.radiocapinzal.am.br/noticias/estima-se-que-mais-de-200-residencias-foram-afetadas-pelo-temporal-em-campos-novos/16978, Ernesto Zortea, Cohab Boa Vista e Distrito Industrial . https://www.oestemais.com.br/clima/2021/05/29/carreta-e-tombada-pelo-vento-durante-tempestade-em-campos-novos/, https://ndmais.com.br/tempo/tempestade-deixa-rastro-de-destruicao-em-sc-com-queda-de-arvores-e-casas-destelhadas/, http://www.radiorural.com.br/noticias/43044-sem-transtornos-concordia-registra-mais-de-20mm-de-chuva-em-12-horas, https://www.nsctotal.com.br/noticias/temporal-provoca-estragos-e-apagao-em-cidades-de-sc, https://ndmais.com.br/tempo/destruicao-em-sc-foi-causada-por-tornado-ou-microexplosao-analisam-meteorologistas/, https://radiocacanjure.com.br/temporal-destelha-mais-de-60-casas-em-campos-novos/, https://www.sc.gov.br/noticias/temas/defesa-civil-e-bombeiros/defesa-civil-do-estado-confirma-passagem-de-tornado-em-campos-novos, https://www.folhaindependente.com.br/artigo/1-700-familias-foram-atingidas-pela-vendaval-duas-ficaram-feridas, https://www.sintonia.fm.br/noticias/alto-vale/geral/tornado-em-campos-novos-danifica-mais-de-280-casas-e-atinge-1-7-mil-pessoas-34470.html, https://centraldenoticias.radio.br/2021/05/31/tornado-em-sc-com-vento-de-mais-de-120km-h-danifica-mais-de-280-casas/, https://g1.globo.com/sc/santa-catarina/noticia/2021/05/31/cenario-de-guerra-foi-muito-desesperador-diz-dona-de-oficina-atingida-por-tornado-em-sc.ghtml, https://radiocidadeamiga.com.br/bombeiro-armazenense-relata-destruicao-causado-por-tornado-no-oeste-de-sc/"
2,20210529,235,15,-273.873,-512.183,0.5,Campos Novos,SC,TOR,0.0,"Horário estimado pelo radar de Morro da Igreja. Horário estimado pelo radar de Morro da Igreja. Estação da Epagri mediu 111 km/h, rajadas associadas ao tornado. Quedas de árvores dentro da EPAGRI. https://www.youtube.com/watch?v=Or4u6aER06U, https://www.youtube.com/watch?v=PtR8VqkjEN8, https://www.youtube.com/watch?v=cd7rcjfmeRU, https://www.instagram.com/p/CPiqsh3jeL6/?utm_medium=copy_link, https://www.lagesdiario.com.br/2021/05/tornado-atingiu-regiao-de-campo, https://clicrdc.com.br/tempo/defesa-civil-confirma-que-tornad https://clicrdc.com.br/tempo/defesa-civil-confirma-que-tornado-atingiu-o-municipio-de-campos-novos-sc/, https://www.radiocapinzal.am.br/noticias/estima-se-que-mais-de-200-residencias-foram-afetadas-pelo-temporal-em-campos-novos/16978, Ernesto Zortea, Cohab Boa Vista e Distrito Industrial . https://www.oestemais.com.br/clima/2021/05/29/carreta-e-tombada-pelo-vento-durante-tempestade-em-campos-novos/, https://ndmais.com.br/tempo/tempestade-deixa-rastro-de-destruicao-em-sc-com-queda-de-arvores-e-casas-destelhadas/, http://www.radiorural.com.br/noticias/43044-sem-transtornos-concordia-registra-mais-de-20mm-de-chuva-em-12-horas, https://www.nsctotal.com.br/noticias/temporal-provoca-estragos-e-apagao-em-cidades-de-sc, https://ndmais.com.br/tempo/destruicao-em-sc-foi-causada-por-tornado-ou-microexplosao-analisam-meteorologistas/, https://radiocacanjure.com.br/temporal-destelha-mais-de-60-casas-em-campos-novos/, https://www.sc.gov.br/noticias/temas/defesa-civil-e-bombeiros/defesa-civil-do-estado-confirma-passagem-de-tornado-em-campos-novos, https://www.folhaindependente.com.br/artigo/1-700-familias-foram-atingidas-pela-vendaval-duas-ficaram-feridas, https://www.sintonia.fm.br/noticias/alto-vale/geral/tornado-em-campos-novos-danifica-mais-de-280-casas-e-atinge-1-7-mil-pessoas-34470.html, https://centraldenoticias.radio.br/2021/05/31/tornado-em-sc-com-vento-de-mais-de-120km-h-danifica-mais-de-280-casas/, https://g1.globo.com/sc/santa-catarina/noticia/2021/05/31/cenario-de-guerra-foi-muito-desesperador-diz-dona-de-oficina-atingida-por-tornado-em-sc.ghtml, https://radiocidadeamiga.com.br/bombeiro-armazenense-relata-destruicao-causado-por-tornado-no-oeste-de-sc/"
1,20210529,235,15,-273.821,-512.429,0.2,Campos Novos,SC,TOR,0.0,Horário estimado pelo radar de Morro da Igreja. Destelhamento parcial de madereira. Teto de postado destruído e jogado a alguns metros. Caminhão virado. Mecânica destelhada e algumas árvores ao redor do posto decepadas.
1,20210529,235,15,-273.839,-512.370,0.1,Campos Novos,SC,TOR,0.0,Horário estimado pelo radar de Morro da Igreja. Casas parcialmente destelhadas. Mata de eucaliptos atrás da casa com algumas árvores decepadas.
1,20210529,235,15,-273.831,-512.331,0.1,Campos Novos,SC,TOR,0.0,Horário estimado pelo radar de Morro da Igreja. Casas parcialmente destelhadas.
1,20210529,235,15,-273.842,-512.276,0.1,Campos Novos,SC,TOR,0.0,Horário estimado pelo radar de Morro da Igreja. Casas destelhadas parcial e totalmente. Portões arrancados e postes derrubados.
1,20210529,235,15,-273.839,-512.121,0.1,Campos Novos,SC,TOR,0.0,Horário estimado pelo radar de Morro da Igreja. Vegetação decepada e acamada. Casas total e parcialmente destelhadas. Portões arracando. Postes derrubados. Telhas jogadas na fiação.
1,20210529,235,15,-273.822,-512.097,0.1,Campos Novos,SC,TOR,0.0,Horário estimado pelo radar de Morro da Igreja. Barracão da garagem da empresa Delta Aço colapsado.
1,20210529,235,15,-273.797,-512.084,0.1,Campos Novos,SC,TOR,0.0,Horário estimado pelo radar de Morro da Igreja. Destelhamento parcial da Escola Municipal Novos Campos.
1,20210529,235,15,-273.831,-512.020,0.1,Campos Novos,SC,TOR,0.0,Horário estimado pelo radar de Morro da Igreja. Destelhamentos na sede do Moto Clube Bixo do Mato. Floresta de Araucária dentro da sede com dezenas de árvores decepadas e arrancadas pela raíz.
1,20210529,240,15,-273.809,-511.866,0.5,Campos Novos,SC,TOR,0.0,Horário estimado pelo radar de Morro da Igreja. Matas de eucaliptos decepadas.
1,20210529,245,15,-273.831,-511.103,0.1,Campos Novos,SC,TOR,0.0,Horário estimado pelo radar de Morro da Igreja. Sítio com casas destelhadas e matas de araucárias decepadas. Observação feita por observadora treinada in loco (Thais Camassola).
2,20210529,245,15,-273.832,-510.992,0.1,Campos Novos,SC,TOR,0.0,Horário estimado pelo radar de Morro da Igreja. Sítio com matas de araucárias decepadas. Galhos grandes cravados no solo. Aves falecidas. Barracão de máquinas destruído e casas das sedes destelhadas. Fotos e observação feitas por observadora treinada.
1,20210529,245,15,-273.849,-510.755,0.1,Campos Novos,SC,TOR,0.0,Horário estimado pelo radar de Morro da Igreja. Mata de eucaliptos com rastro nítido (árvores decepadas).
2,20210529,245,15,-273.853,-510.613,0.1,Campos Novos,SC,TOR,0.0,Horário estimado pelo radar de Morro da Igreja. Sítio com as três casas da sede destelhadas parcial e totalmente. As matas de araucárias ao redor do sítio foram decepadas. Fotos e observação feitas por observadora treinada.
1,20220412,1045,45,-267.868,-485.937,5,Penha,SC,TOR,0.0,"Horário estimado por radar. Tromba d'agua filmada Praia de Armação do Itapocoroí. https://www.aconteceuemjoinville.com.br/video-tromba-dagua-impressiona-moradores-no-litoral-norte-catarinense/, https://www.nsctotal.com.br/noticias/tromba-dagua-em-praia-de-penha-impressiona-moradores-e-desperta-curiosidade-veja-video, https://ndmais.com.br/tempo/video-tromba-dagua-aparece-no-ceu-em-praia-de-sc-e-assusta-moradores-entenda-fenomeno/, https://twitter.com/ConexaoGeoClima/status/1513874977669492736, https://ocp.news/seguranca/video-tromba-dagua-se-forma-no-mar-em-penha, https://g1.globo.com/sc/santa-catarina/noticia/2022/04/13/tromba-dagua-se-forma-em-praia-de-sc-video.ghtml, https://ocp.news/seguranca/video-tromba-dagua-se-forma-no-mar-em-penha, https://globoplay.globo.com/v/10478848/, https://www.radiojmv.com.br/news-tromba-dagua-se-forma-em-praia-de-sc,-vIdeo"
2,20220622,2210,10,-272.494,-519.790,0.2,Concórdia,SC,TOR,0.0,Horário estimado por radar. Rasto com poucos danos em mata nativa. Arvores decepedas. Observado por satélite ambiental.
2,20220622,2210,10,-272.482,-519.738,0.2,Concórdia,SC,TOR,0.0,Horário estimado por radar. Rasto com poucos danos em mata nativa. Arvores decepedas. Observado por satélite ambiental.
2,20220622,2211,10,-272.498,-519.702,0.1,Concórdia,SC,TOR,0.0,"Horário estimado por radar. Casas destelhadas. Observado por satélite ambiental. https://www.youtube.com/watch?v=gjc-S57aEVM, https://www.oestemais.com.br/clima/2022/06/23/imagens-mostram-estragos-causados-pelo-forte-vendaval-em-concordia/, https://www.canalideal.com.br/noticia/vento-forte-arranca-bombas-de-combustivel-em-concordia, https://atualfm.com.br/vento-forte-deixa-rastro-de-destruicao-na-regiao-da-br-153-em-concordia-fotos/, https://radioalianca.com.br/concordia/noite-de-temporal-provoca-varios-estragos-em-parte-do-interior-de-concordia, https://www.radiorural.com.br/noticias/47661-chuva-causa-estragos-e-deixa-parte-de-concordia-sem-energia-eletrica, https://www.radiochapeco.com.br/2022/06/23/cordilheira-alta-e-atingida-por-forte-chuva-de-granizo/, https://www.radiorural.com.br/noticias/47661-chuva-causa-estragos-e-deixa-parte-de-concordia-sem-energia-eletrica, https://belosf7.com.br/vento-derruba-quatro-bombas-posto-combustiveis-concordia/?utm_source=rss&utm_medium=rss&utm_campaign=vento-derruba-quatro-bombas-posto-combustiveis-concordia, https://auonline.com.br/2022/06/97517.html"
2,20220622,2211,10,-272.522,-519.569,0.2,Concórdia,SC,TOR,0.0,Horário estimado por radar. Rasto com poucos danos em mata nativa. Arvores decepedas. Observado por satélite ambiental.
2,20220622,2212,10,-272.523,-519.419,0.2,Concórdia,SC,TOR,0.0,Horário estimado por radar. Rasto com poucos danos em mata nativa. Arvores decepedas. Observado por satélite ambiental.
2,20220622,2213,5,-272.533,-519.236,0.3,Concórdia,SC,TOR,0.0,Horário estimado por radar. Rasto com poucos danos em mata nativa. Arvores decepedas. Observado por satélite ambiental. Identificação de TDS através da variáveis polarimétricas do radar de Chapecó.
2,20220622,2214,5,-272.550,-519.181,0.3,Concórdia,SC,TOR,0.0,Horário estimado por radar. Rasto com poucos danos em mata nativa. Arvores decepedas. Observado por satélite ambiental. Identificação de TDS através da variáveis polarimétricas do radar de Chapecó.
2,20220622,2215,5,-272.581,-519.033,0.1,Concórdia,SC,TOR,0.0,Horário estimado por radar. Pequena parte de mata decepada. Observado por satélite ambiental. Identificação de TDS através da variáveis polarimétricas do radar de Chapecó.
2,20220622,2215,5,-272.571,-518.988,0.1,Concórdia,SC,TOR,0.0,Horário estimado por radar. Casa de fazenda destruída. Observado por satélite ambiental. Identificação de TDS através da variáveis polarimétricas do radar de Chapecó.
2,20220622,2215,5,-272.561,-518.944,0.2,Concórdia,SC,TOR,0.0,Horário estimado por radar. Grande área de mata nativa destruída. Observado por satélite ambiental. Identificação de TDS através da variáveis polarimétricas do radar de Chapecó.
2,20220622,2215,5,-272.586,-518.971,0.1,Concórdia,SC,TOR,0.0,Horário estimado por radar. Lavoura e árvores destruídas. Observado por satélite ambiental. Identificação de TDS através da variáveis polarimétricas do radar de Chapecó.
2,20220622,2216,5,-272.573,-518.898,0.2,Concórdia,SC,TOR,0.0,"Horário estimado por radar. Fazenda com aviário com 130x25 m colapsado, metade de galpão metálio destruído, 3 galpões de 30x15m totalmente destruídos, 2 aviários de 130 m totalmente destelhados, casa de alvenaria com destelhamento parcial. Observado por satélite ambiental. Identificação de TDS através da variáveis polarimétricas do radar de Chapecó. https://www.radiorural.com.br/noticias/47674-imagens-aereas-mostram-dimensao-de-estragos-apos-temporal-em-concordia, https://ndmais.com.br/meio-ambiente/defesa-civil-confirma-passagem-de-tornado-no-interior-de-concordia-na-ultima-quinta-feira/, https://g1.globo.com/sc/santa-catarina/noticia/2022/06/28/defesa-civil-de-sc-confirma-passagem-de-tornado-com-rajadas-de-vento-acima-de-100-kmh.ghtml, https://ndmais.com.br/tempo/defesa-civil-confirma-passagem-de-tornado-por-cidade-de-sc-na-ultima-semana/"
2,20220622,2216,5,-272.561,-518.853,0.1,Concórdia,SC,TOR,0.0,Horário estimado por radar. Árvores decepadas e destelhamentos em sede de fazenda. Observado por satélite ambiental. Identificação de TDS através da variáveis polarimétricas do radar de Chapecó.
2,20220622,2217,5,-272.577,-518.823,0.1,Concórdia,SC,TOR,0.0,Horário estimado por radar. Galpão destruído e arvores decepadas. Observado por satélite ambiental. Identificação de TDS através da variáveis polarimétricas do radar de Chapecó.
2,20220622,2217,5,-272.578,-518.819,0.1,Concórdia,SC,TOR,0.0,Horário estimado por radar. Fazenda com diversos galpões destruídos. Observado por satélite ambiental. Identificação de TDS através da variáveis polarimétricas do radar de Chapecó.
2,20220622,2217,5,-272.591,-518.762,0.3,Concórdia,SC,TOR,0.0,Horário estimado por radar. Mata totalmente decepada. Observado por satélite ambiental. Identificação de TDS através da variáveis polarimétricas do radar de Chapecó.
2,20220622,2218,5,-272.601,-518.711,0.2,Concórdia,SC,TOR,0.0,Horário estimado por radar. Mata totalmente decepadas. Observado por satélite ambiental. Identificação de TDS através da variáveis polarimétricas do radar de Chapecó.
2,20220622,2218,5,-272.632,-518.609,0.1,Concórdia,SC,TOR,0.0,Horário estimado por radar. Pequena parte de mata decepada. Observado por satélite ambiental. Identificação de TDS através da variáveis polarimétricas do radar de Chapecó.
2,20220622,2218,5,-272.624,-518.536,0.2,Concórdia,SC,TOR,0.0,Horário estimado por radar. Pequena parte de mata decepada. Observado por satélite ambiental. Identificação de TDS através da variáveis polarimétricas do radar de Chapecó.
2,20220622,2219,5,-272.630,-518.492,0.3,Concórdia,SC,TOR,0.0,Horário estimado por radar. Destelhamentos parciais de sedes de fazendas e algumas árvores decepadas. Observado por satélite ambiental. Identificação de TDS através da variáveis polarimétricas do radar de Chapecó.
2,20220622,2219,5,-272.613,-518.443,0.2,Concórdia,SC,TOR,0.0,Horário estimado por radar. Mata nativa totalmente decepada. Observado por satélite ambiental. Identificação de TDS através da variáveis polarimétricas do radar de Chapecó.
2,20220622,2220,5,-272.632,-518.334,0.1,Concórdia,SC,TOR,0.0,Horário estimado por radar. Sedes de fazenda parcialmente destruídas. Observado por satélite ambiental. Identificação de TDS através da variáveis polarimétricas do radar de Chapecó.
2,20220622,2221,5,-272.632,-518.385,0.2,Concórdia,SC,TOR,0.0,Horário estimado por radar. pequena parte de mata decepada. Observado por satélite ambiental. Identificação de TDS através da variáveis polarimétricas do radar de Chapecó.
2,20220622,2221,5,-272.619,-518.296,0.4,Concórdia,SC,TOR,0.0,"Horário estimado por radar. Rastro com 800 m de comprimento, e muito evidente na vegetação, com largura de 250 m total, e largura do gradiente de danos mais intenso de 30 m. Observado por satélite ambiental. Mata nativa totalmente decepada e danos severo em lavouras. Identificação de TDS através da variáveis polarimétricas do radar de Chapecó."
2,20220622,2222,5,-272.626,-518.214,0.3,Concórdia,SC,TOR,0.0,Horário estimado por radar. Rastro estreito e evidente com decepamento parcial de mata nativa. Observado por satélite ambiental. Identificação de TDS através da variáveis polarimétricas do radar de Chapecó.
2,20220622,2222,5,-272.621,-518.134,0.2,Concórdia,SC,TOR,0.0,Horário estimado por radar. Rastro evidente em lavoura. Arvores decepedas ao redor da sede de uma fazenda. Observado por satélite ambiental. Identificação de TDS através da variáveis polarimétricas do radar de Chapecó.
2,20220622,2223,5,-272.629,-518.055,0.2,Concórdia,SC,TOR,0.0,Horário estimado por radar. Rasto com poucos danos em mata nativa. Arvores decepedas. Observado por satélite ambiental. Identificação de TDS através da variáveis polarimétricas do radar de Chapecó.
2,20220622,2223,5,-272.650,-517.996,0.2,Concórdia,SC,TOR,0.0,Horário estimado por radar. Rasto com poucos danos em mata nativa. Arvores decepedas. Observado por satélite ambiental. Identificação de TDS através da variáveis polarimétricas do radar de Chapecó.
2,20220622,2224,5,-272.639,-517.905,0.2,Concórdia,SC,TOR,0.0,Horário estimado por radar. Rasto com poucos danos em mata nativa. Arvores decepedas. Observado por satélite ambiental. Identificação de TDS através da variáveis polarimétricas do radar de Chapecó.
1,20220623,25,10,-272.957,-514.822,0.1,Erval Velho,SC,TOR,0.0,Horário estimado por radar. Danos em estruturas de fazenda. Observado por satélite ambiental. http://culturacamposnovos.com.br/noticias/meio-ambiente-e-clima/23-06-2022/erval-velho-vai-decretar-situao-de-emergncia-em-razo-dos-estragos-causados-pelo-vendaval
1,20220623,25,10,-272.959,-514.747,0.1,Erval Velho,SC,TOR,0.0,"Horário estimado por radar. Mata totalmente decepada. Observado por satélite ambiental. Quedas de árvores, destelhamento e colapso de chiqueirões na comunidade Linha Gramado. https://www.canalideal.com.br/noticia/defesa-civil-avalia-ocorrencia-de-microexplosaeo-ou-tornado-em-erval-velho-no-meio-oeste, https://ndmais.com.br/noticias/moradores-ainda-contabilizam-prejuizos-devido-ao-temporal-de-quarta-feira-em-erval-velho/, http://culturacamposnovos.com.br/noticias/meio-ambiente-e-clima/23-06-2022/erval-velho-vai-decretar-situao-de-emergncia-em-razo-dos-estragos-causados-pelo-vendaval"
1,20220623,25,10,-272.964,-514.697,0.2,Erval Velho,SC,TOR,0.0,"Horário estimado por radar. Galpão destruído e arvores decepadas. Observado por satélite ambiental. Quedas de árvores, destelhamento e colapso de chiqueirões na comunidade Linha Gramado. https://www.canalideal.com.br/noticia/defesa-civil-avalia-ocorrencia-de-microexplosaeo-ou-tornado-em-erval-velho-no-meio-oeste, https://ndmais.com.br/noticias/moradores-ainda-contabilizam-prejuizos-devido-ao-temporal-de-quarta-feira-em-erval-velho/, http://culturacamposnovos.com.br/noticias/meio-ambiente-e-clima/23-06-2022/erval-velho-vai-decretar-situao-de-emergncia-em-razo-dos-estragos-causados-pelo-vendaval"
1,20220623,25,10,-272.987,-514.664,0.2,Erval Velho,SC,TOR,0.0,"Horário estimado por radar. Danos em estruturas de fazenda. Observado por satélite ambiental. Quedas de árvores, destelhamento e colapso de chiqueirões na comunidade Linha Gramado. https://www.canalideal.com.br/noticia/defesa-civil-avalia-ocorrencia-de-microexplosaeo-ou-tornado-em-erval-velho-no-meio-oeste, https://ndmais.com.br/noticias/moradores-ainda-contabilizam-prejuizos-devido-ao-temporal-de-quarta-feira-em-erval-velho/, http://culturacamposnovos.com.br/noticias/meio-ambiente-e-clima/23-06-2022/erval-velho-vai-decretar-situao-de-emergncia-em-razo-dos-estragos-causados-pelo-vendaval"
1,20220623,25,10,-273.013,-514.598,0.2,Erval Velho,SC,TOR,0.0,"Horário estimado por radar. Galpão parcialmente destruídos, um deles colapsado. Observado por satélite ambiental. http://culturacamposnovos.com.br/noticias/meio-ambiente-e-clima/23-06-2022/erval-velho-vai-decretar-situao-de-emergncia-em-razo-dos-estragos-causados-pelo-vendaval"
1,20220623,30,10,-273.021,-514.548,0.2,Erval Velho,SC,TOR,0.0,Horário estimado por radar. Mata nativa com árvores derrubadas e/ou decepedas. Observado por satélite ambiental. http://culturacamposnovos.com.br/noticias/meio-ambiente-e-clima/23-06-2022/erval-velho-vai-decretar-situao-de-emergncia-em-razo-dos-estragos-causados-pelo-vendaval
1,20220623,30,10,-273.029,-514.388,0.3,Erval Velho,SC,TOR,0.0,"Horário estimado por radar. Mata nativa com árvores derrubadas e/ou decepedas. Observado por satélite ambiental. Quedas de árvores, destelhamento e colpaso de chiqueirões na comunidade Floresta. https://minhaaguadoce.com.br/temporal-causa-destruicao-no-interior-de-erval-velho/, http://culturacamposnovos.com.br/noticias/meio-ambiente-e-clima/23-06-2022/erval-velho-vai-decretar-situao-de-emergncia-em-razo-dos-estragos-causados-pelo-vendaval, https://ndmais.com.br/noticias/moradores-ainda-contabilizam-prejuizos-devido-ao-temporal-de-quarta-feira-em-erval-velho/"
1,20230112,1605,15,-267.685,-503.512,3,Santa Cecília,SC,TOR,0.0,"Horário estimado por radar. Tornado filmado provocando destelhamento na localidade de Campo do Areão. https://www.jdv.com.br/videos-tornado-em-santa-cecilia/, https://www.instagram.com/reel/CnZuxu0N6BX/?igshid=NTdlMDg3MTY=, https://www.instagram.com/reel/CnakAkzPy5X/?igshid=MDJmNzVkMjY%3D, https://clicrdc.com.br/categoria-geral/video-dois-tornados-atingiram-cidades-de-sc-nesta-semana/"
1,20230113,2000,15,-286.672,-491.096,3,Sangão,SC,TOR,0.0,"Horário estimado por radar. Tornado filmado localidade de Morro Grande. Caminhão virado, árvores decepadas e galpões destelhados. Destelhamento de 20 casas do bairro Morro do Meio. https://www.instagram.com/reel/CnXy8Umq5eM/?igshid=YmMyMTA2M2Y=, https://scc10.com.br/cotidiano/tempo/ventos-de-70-km-h-destroem-ginasio-e-causam-estragos-em-sc-veja-imagens/, https://www.instagram.com/p/Cnb30esukzg/?igshid=NTdlMDg3MTY=, https://www.instagram.com/reel/CnXte4eDZl7/?igshid=NTdlMDg3MTY=, https://scc10.com.br/cotidiano/tempo/impressionante-nuvem-funil-se-forma-no-litoral-de-sc-veja-o-video/, https://ndmais.com.br/tempo/defesa-civil-confirma-passagem-de-tornado-por-sangao-com-ventos-de-mais-de-90-km-h/, https://hcnoticias.com.br/geral/59204/possivel-tornado-que-atingiu-sangao-danificou-pelo-menos-20-casas, https://abreolhonoticias.com.br/sul-de-santa-catarina-e-atingida-por-um-tornado-e-causa-prejuizo/, https://www.nativanews.com.br/brasil/id-1036558/tornado_de_180km_h_assusta_moradores_em_santa_catarina, https://ndmais.com.br/tempo/passagem-de-tornado-deixa-rastro-de-destruicao-em-sangao-e-jaguaruna/, https://folharegionalwebtv.com/geral/video_prefeitura_declara_perda_total_de_ginasio_atingido_por_tempestade_em_sangao__.374926"
1,20230113,2005,15,-286.494,-490.545,3,Jaguaruna,SC,TOR,0.0,"Horário estimado por radar. Danos no prédio da policia e quedas de árvores na estrada do aeroporto. https://ndmais.com.br/tempo/postes-derrubados-e-ginasio-arruinado-veja-em-imagens-os-estragos-provocados-por-tornado-em-sc/, https://portalvoxnet.com.br/tornado-defesa-civil-confirma-passagem-de-tornado-em-municipios-de-sc/, https://ndmais.com.br/tempo/passagem-de-tornado-deixa-rastro-de-destruicao-em-sangao-e-jaguaruna/"
2,20230303,1935,15,-262.216,-492.561,0.2,Campo Alegre,SC,TOR,0.0,"Horário estimado por radar. Mata de pinheiros e araucárias decepados. Rastro bem estreito observado por satélite ambiental. Mais de 100 árvores derrubadas e decepadas na Estrada do Manso, próxima ao centro da cidade. https://ndmais.com.br/tempo/microexplosao-mais-de-cem-arvores-foram-arrancadas-em-campo-alegre/, https://scc10.com.br/cotidiano/tempo/defesa-civil-confirma-tornado-em-cidade-catarinense-imagens-impressionam/, https://ndmais.com.br/tempo/apos-cenario-de-destruicao-defesa-civil-confirma-que-tornado-passou-por-campo-alegre/, https://g1.globo.com/sc/santa-catarina/noticia/2023/03/07/foto-mostra-tornado-com-rajadas-de-100-kmh-que-arrancou-arvores-pela-raiz-em-sc.ghtml, https://www.youtube.com/shorts/QJeii3KndLs, https://scc10.com.br/cotidiano/tempo/defesa-civil-confirma-tornado-em-cidade-catarinense-imagens-impressionam/, https://portalsaobentonoticias.com.br/noticia/2353/tornado-atingiu-campo-alegre-na-ultima-sexta-feira.html, https://ndmais.com.br/noticias/temporal-arranca-arvores-e-deixa-estragos-em-campo-alegre/, https://ndmais.com.br/noticias/campo-alegre-defesa-civil-confirma-passagem-de-tornado-ventos-chegaram-a-100-km-h/"
2,20230303,1935,15,-262.034,-492.779,0.1,Campo Alegre,SC,TOR,0.0,Horário estimado por radar. Árvores derrubadas. Observação por satélite ambiental.
2,20230303,1935,15,-262.078,-492.759,0.1,Campo Alegre,SC,TOR,0.0,Horário estimado por radar. Árvores derrubadas. Observação por satélite ambiental.
2,20230303,1935,15,-262.153,-492.701,0.5,Campo Alegre,SC,TOR,0.0,Horário estimado por radar. Matas decepadas. Observação por satélite ambiental.
2,20230303,1935,15,-262.200,-492.619,0.5,Campo Alegre,SC,TOR,0.0,Horário estimado por radar. Matas decepadas. Observação por satélite ambiental.
2,20230303,1935,15,-262.226,-492.477,0.2,Campo Alegre,SC,TOR,0.0,Horário estimado por radar. Matas decepadas. Observação por satélite ambiental.
1,20230904,135,15,-268.191,-505.132,0.1,Lebon Régis,SC,TOR,0.0,Horário estimado por radar. Danos em vegetação. Observado por satélite ambiental.
1,20230904,135,15,-268.208,-505.078,0.2,Lebon Régis,SC,TOR,0.0,Horário estimado por radar. Capão de mata com 3 ha de área nativa totalmente decepado. o centro da área com dano mais significativo tem 150 m de largura.Observado por satélite ambiental.
1,20230904,135,15,-268.224,-505.039,0.1,Lebon Régis,SC,TOR,0.0,Horário estimado por radar. Rastro bem estreito de árvores totalmente decepadas. Observado por satélite ambiental.
1,20230904,135,15,-268.242,-505.002,0.1,Santa Cecília,SC,TOR,0.0,Horário estimado por radar. Rastro bem estreito de árvores totalmente decepadas. Observado por satélite ambiental.
1,20230904,135,15,-268.253,-504.973,0.1,Santa Cecília,SC,TOR,0.0,Horário estimado por radar. Rastro bem estreito de árvores totalmente decepadas. Observado por satélite ambiental.
1,20230904,135,15,-268.273,-504.943,0.15,Santa Cecília,SC,TOR,0.0,Horário estimado por radar. Capão de eucalipto com 3.3 ha de área totalmente devastado. Observado por satelite ambiental.
1,20230904,135,15,-268.292,-504.899,0.1,Santa Cecília,SC,TOR,0.0,Horário estimado por radar. Rastro bem estreito de árvores totalmente decepadas. Observado por satélite ambiental.
1,20230904,135,15,-268.311,-504.865,0.1,Santa Cecília,SC,TOR,0.0,Horário estimado por radar. Rastro bem estreito de árvores totalmente decepadas. Observado por satélite ambiental.
1,20230904,140,15,-268.332,-504.823,0.2,Santa Cecília,SC,TOR,0.0,Horário estimado por radar. Rastro bem estreito de árvores totalmente decepadas. Observado por satélite ambiental.
1,20230904,140,15,-268.368,-504.763,0.2,Santa Cecília,SC,TOR,0.0,Horário estimado por radar. Rastro bem estreito de árvores totalmente decepadas. Observado por satélite ambiental. https://www.defesacivil.sc.gov.br/noticia-destaque/defesa-civil-de-santa-catarina-confirma-tornado-em-santa-cecilia/
1,20230904,140,15,-268.402,-504.724,0.2,Santa Cecília,SC,TOR,0.0,"Horário estimado por radar. Rastro bem estreito de árvores totalmente decepadas. Matas totalmente decepadas na comunidade de Anta M.orta. Casa destelhada. Observado por satélite ambiental. https://www.defesacivil.sc.gov.br/noticia-destaque/defesa-civil-de-santa-catarina-confirma-tornado-em-santa-cecilia/, https://www.oestemais.com/clima/2023/09/05/defesa-civil-confirma-passagem-de-tornado-em-sc/, https://www.nsctotal.com.br/noticias/fotos-tornado-arranca-telhados-arvores-e-derruba-paredes-de-casas-em-sc, https://canoinhasonline.com.br/2023/09/tornado-atinge-zona-rural-do-municipio-de-santa-cecilia-diz-defesa-civil.html, https://ndmais.com.br/tempo/tornado-destroi-plantacao-de-pinus-e-eucaliptos-em-sc-diz-meteorologista/?fbclid=IwAR3XV4tqkd9L0eXSdNT_MXLFw3xP5CctEvf2NA74Z1F_TneUpo9wsqkIuSs, https://fb.watch/mSdSG0Q7Ut/, https://www.facebook.com/noticiaspapanduva/posts/pfbid02xND6HxANKgnLrwcHbsYfB1LKMKrrSbdoUXSpmpLsMfNp7UbYRukxu1SHkPHqjG8Dl, https://scc10.com.br/cotidiano/tempo/tornado-pode-ter-causado-destruicao-em-cidade-de-santa-catarina-veja-imagens/?fbclid=IwAR2JbhspPHzop9oHE8eJkxSklQJoYUXhVSNzaiqcvQq022hKK79koxh-L0I, https://www.facebook.com/nossasnoticias/posts/pfbid02kvRuc8tBh7vyPG57LFv3W2qeNT3K3SmR5EaUNt9ih6Ab2yHvgUpxN6GD4YecuHdGl, https://jornalfloripa.com.br/emcimadahora/materia/65941, https://ndmais.com.br/tempo/tornado-destroi-plantacao-de-pinus-e-eucaliptos-em-sc-diz-meteorologista/, https://visornoticias.com.br/defesa-civil-confirma-tornado-em-sc-e-calcula-estragos-em-casas-e-plantacoes/, https://g1.globo.com/sc/santa-catarina/noticia/2023/09/05/defesa-civil-confirma-tornado-em-sc.ghtml, https://ndmais.com.br/noticias/tornado-em-santa-cecilia-defesa-civil-confirmou-fenomeno-que-causou-estragos/"
1,20230904,140,15,-268.410,-504.676,0.2,Santa Cecília,SC,TOR,0.0,"Horário estimado por radar. Rastro bem estreito de árvores totalmente decepadas. Matas totalmente decepadas na comunidade de Anta M.orta. Casa destelhada. Observado por satélite ambiental. https://www.defesacivil.sc.gov.br/noticia-destaque/defesa-civil-de-santa-catarina-confirma-tornado-em-santa-cecilia/, https://www.oestemais.com/clima/2023/09/05/defesa-civil-confirma-passagem-de-tornado-em-sc/, https://www.nsctotal.com.br/noticias/fotos-tornado-arranca-telhados-arvores-e-derruba-paredes-de-casas-em-sc, https://canoinhasonline.com.br/2023/09/tornado-atinge-zona-rural-do-municipio-de-santa-cecilia-diz-defesa-civil.html, https://ndmais.com.br/tempo/tornado-destroi-plantacao-de-pinus-e-eucaliptos-em-sc-diz-meteorologista/?fbclid=IwAR3XV4tqkd9L0eXSdNT_MXLFw3xP5CctEvf2NA74Z1F_TneUpo9wsqkIuSs, https://fb.watch/mSdSG0Q7Ut/, https://www.facebook.com/noticiaspapanduva/posts/pfbid02xND6HxANKgnLrwcHbsYfB1LKMKrrSbdoUXSpmpLsMfNp7UbYRukxu1SHkPHqjG8Dl, https://scc10.com.br/cotidiano/tempo/tornado-pode-ter-causado-destruicao-em-cidade-de-santa-catarina-veja-imagens/?fbclid=IwAR2JbhspPHzop9oHE8eJkxSklQJoYUXhVSNzaiqcvQq022hKK79koxh-L0I, https://www.facebook.com/nossasnoticias/posts/pfbid02kvRuc8tBh7vyPG57LFv3W2qeNT3K3SmR5EaUNt9ih6Ab2yHvgUpxN6GD4YecuHdGl, https://jornalfloripa.com.br/emcimadahora/materia/65941, https://ndmais.com.br/tempo/tornado-destroi-plantacao-de-pinus-e-eucaliptos-em-sc-diz-meteorologista/, https://visornoticias.com.br/defesa-civil-confirma-tornado-em-sc-e-calcula-estragos-em-casas-e-plantacoes/, https://g1.globo.com/sc/santa-catarina/noticia/2023/09/05/defesa-civil-confirma-tornado-em-sc.ghtml, https://ndmais.com.br/noticias/tornado-em-santa-cecilia-defesa-civil-confirmou-fenomeno-que-causou-estragos/"
1,20230904,140,15,-268.432,-504.613,0.2,Santa Cecília,SC,TOR,0.0,Horário estimado por radar. Casas destelhadas e rastro com matas decepadas. Observado por satélite ambiental.
1,20230904,140,15,-268.472,-504.561,0.1,Santa Cecília,SC,TOR,0.0,Horário estimado por radar. Rastro bem estreito de árvores totalmente decepadas. Observado por satélite ambiental.
1,20230904,145,15,-268.505,-504.489,0.2,Santa Cecília,SC,TOR,0.0,"Horário estimado por radar. Matas totalmente decepadas na localidade de Campina Beija. Observado por satélite ambiental. https://www.oestemais.com/clima/2023/09/05/defesa-civil-confirma-passagem-de-tornado-em-sc/, https://canoinhasonline.com.br/2023/09/tornado-atinge-zona-rural-do-municipio-de-santa-cecilia-diz-defesa-civil.html, https://www.michelteixeira.com.br/vendaval-deixa-rastro-de-destruicao-em-comunidades-do-interior-de-santa-cecilia/, https://www.nsctotal.com.br/noticias/fotos-tornado-arranca-telhados-arvores-e-derruba-paredes-de-casas-em-sc, https://visornoticias.com.br/defesa-civil-confirma-tornado-em-sc-e-calcula-estragos-em-casas-e-plantacoes/, https://g1.globo.com/sc/santa-catarina/noticia/2023/09/05/defesa-civil-confirma-tornado-em-sc.ghtml, https://clicrdc.com.br/tempo/defesa-civil-confirma-passagem-de-tornado-em-santa-catarina/, https://ndmais.com.br/noticias/tornado-em-santa-cecilia-defesa-civil-confirmou-fenomeno-que-causou-estragos/"
1,20230904,145,15,-268.546,-504.390,0.3,Santa Cecília,SC,TOR,0.0,"Horário estimado por radar. Casas destelhadas. Matas totalmente decepadas na localidade de Campina de Baixo. Observado por satélite ambiental. https://www.oestemais.com/clima/2023/09/05/defesa-civil-confirma-passagem-de-tornado-em-sc/, https://canoinhasonline.com.br/2023/09/tornado-atinge-zona-rural-do-municipio-de-santa-cecilia-diz-defesa-civil.html, https://www.michelteixeira.com.br/vendaval-deixa-rastro-de-destruicao-em-comunidades-do-interior-de-santa-cecilia/, https://www.nsctotal.com.br/noticias/fotos-tornado-arranca-telhados-arvores-e-derruba-paredes-de-casas-em-sc, https://visornoticias.com.br/defesa-civil-confirma-tornado-em-sc-e-calcula-estragos-em-casas-e-plantacoes/"
1,20230904,145,15,-268.568,-504.350,0.1,Santa Cecília,SC,TOR,0.0,"Horário estimado por radar. Galpão de pequeno porte parcialmente destruído. https://g1.globo.com/sc/santa-catarina/noticia/2023/09/05/defesa-civil-confirma-tornado-em-sc.ghtml, https://www.oestemais.com/clima/2023/09/05/defesa-civil-confirma-passagem-de-tornado-em-sc/"
2,20231118,1230,15,-279.739,-498.745,0.1,Urupema,SC,TOR,0.0,"Horário estimado por radar. Possível EF1/EF2. Casa apenas na fundação (balcões, armários, sofás foram arremessados para fora da casa. A parte de madeira da casa foi completamente destruída e suas paredes foram arremessadas inteiras a pelo menos 200m..Araucarias com diâmetro ~1,0m decepadas perto da base. Enquanto os destroços da casas foram arremessadas para leste, as araucarias ao lado da residência foram arremessada na direção oposto. Clara evidência de convergência Confirmação de tornado a parir de análise de danos in locu com sobrevoo por drone (https://www.facebook.com/reel/1374706236754405). Foi possível detectar convergência dos danos. https://www.facebook.com/reel/1001327314494865, https://scc10.com.br/radioclube/poderiamos-ter-morrido-diz-mae-de-gemeos-que-teve-casa-destruida-em-sc/, https://saojoaquimonline.com.br/destaque/2023/11/18/forte-vendaval-destroi-casa-em-urupema-na-manha-deste-sabado/, https://www.instagram.com/reel/CzypizXMpKV/?igshid=ZDE1MWVjZGVmZQ%3D%3D, https://www.instagram.com/p/CzzC47Fuu3W/?utm_source=ig_web_copy_link, https://www.michelteixeira.com.br/defesa-civil-confirma-passagem-de-tornado-por-municipio-da-serra-de-sc-neste-sabado/, https://www.michelteixeira.com.br/defesa-civil-confirma-passagem-de-tornado-por-municipio-da-serra-de-sc-neste-sabado/, https://g1.globo.com/sc/santa-catarina/noticia/2023/11/18/tornado-com-ventos-de-100-kmh-em-urupena.ghtml, https://ndmais.com.br/tempo/tornado-devasta-serra-catarinense-100/, https://g1.globo.com/sc/santa-catarina/noticia/2023/11/19/enxurrada-arrasta-casa-idoso-desaparece-sc.ghtml, https://ndmais.com.br/noticias/urupema-sob-impacto-tornado-causa-estragos-e-deixa-rastro-de-destruicao/"
1,20231128,1730,10,-269.688,-510.298,3,Rio das Antas,SC,TOR,0.0,"Horário estimado por radar e relato. Tornado filmado na localidade Salto Rio das Pedras. Provável F0. Árvores derrubadas e galpão destelhado. Danos tambem em Sao Luiz. https://www.facebook.com/reel/3202308710075063, https://www.facebook.com/reel/1041405030389737/?s=single_unit, https://www.facebook.com/reel/1079970039688226, https://jornalrazao.com/meioambiente/urgente-mais-um-tornado-atinge-santa-catarina?fbclid=IwAR3T-ZJ80qeelgq9u1KlkRmggeIDlcuNZWnCSS-HC1F1VVy4Lq_Y4sCr6_0, https://www.youtube.com/watch?v=UnphWjAwHx4&ab_channel=JornalRaz%C3%A3o, https://www.nsctotal.com.br/noticias/defesa-civil-analisa-possivel-tornado-no-meio-oeste-de-sc, https://portalrbv.com.br/possivel-tornado-causa-estragos-em-municipios-do-meio-oeste/, https://portalrbv.com.br/possivel-tornado-causa-estragos-em-municipios-do-meio-oeste/, https://www.jdv.com.br/videos-tornado-atinge-municipios-meio-oeste-de-sc/, https://www.michelteixeira.com.br/interior-de-rio-das-antas-pode-ter-sido-atingido-por-um-tornado-nesta-terca-video/, https://noticiahoje.net/tornado-atinge-o-interior-de-rio-das-antas/, https://ndmais.com.br/noticias/meio-oeste-defesa-civil-investiga-possivel-tornado-em-rio-das-antas/, https://g1.globo.com/sc/santa-catarina/noticia/2023/11/29/defesa-civil-analisa-registro-de-possivel-sexto-tornado-em-novembro-em-sc-video.ghtml, https://www.facebook.com/photo/?fbid=654653686818814&set=a.561242116159972"
1,20240124,1710,30,-290.511,-494.770,1.0,Araranguá,SC,TOR,0.0,"RRR. Tromba d'água fotografada na Praia da Caçamba e Praia do Maracujá.  https://www.facebook.com/photo.php?fbid=2558990927616851&set=p.2558990927616851&type=3, https://www.facebook.com/photo/?fbid=10227634615345811&set=a.10205659393458998,  https://www.facebook.com/watch/?v=1151225515865061&ref=sharing, https://fb.watch/qkPQdvziAX/"
1,20240126,1430,15,-274.533,-483.752,2.0,Florianópolis,SC,TOR,0.0,"RRR. Duas trombas d'água vistas em alto mar a partir da Praia dos Ingleses (havia multiplos funis também). Os fenômenos foram observados também entrando na faixa de areia da Praia do Santinho e Praia da Barra da Lagoa. https://www.climaaovivo.com.br/videos/tromba-dagua-na-praia-dos-ingleses-em-florianopolis-sc-26-01-24, https://ndmais.com.br/tempo/video-tromba-dagua-assustadora-toca-o-mar-em-florianopolis/, https://www.instagram.com/p/C2kLgE-OelBJpTXULFV7gXIENPIFgAG8SQb5Wk0/?igsh=eDZzZXE3Mml4ajBw, https://www.instagram.com/p/C2kbtUQrjOp/, https://portallitoralsul.com.br/tromba-dagua-toca-o-mar-e-assusta-moradores-e-turistas-em-florianopolis/, https://www.nsctotal.com.br/noticias/video-tornado-na-superficie-da-agua-e-registrado-em-praia-do-norte-de-florianopolis, https://portallitoralsul.com.br/tromba-dagua-toca-o-mar-e-assusta-moradores-e-turistas-em-florianopolis/, https://portallitoralsul.com.br/tromba-dagua-toca-o-mar-e-assusta-moradores-e-turistas-em-florianopolis/, https://www.instagram.com/p/C2kWu0ArhSE/, https://www.instagram.com/p/C2kT6HuuvaO/, https://www.instagram.com/p/C2kii4xpg4WfEozKkzvKY5ibvby-yjAudboHgg0/, https://g1.globo.com/sc/santa-catarina/noticia/2024/01/26/tromba-dagua-praia-de-florianopolis-video.ghtml, https://portallitoralsul.com.br/tromba-dagua-toca-o-mar-e-assusta-moradores-e-turistas-em-florianopolis/, https://www.youtube.com/watch?v=ixmKp8ue9NY&ab_channel=PortalLitoralSul, https://www.tvbv.com.br/registro-de-serie-de-tornados-no-mar-impressiona-florianopolis/, https://www.correiobraziliense.com.br/brasil/2024/01/6793240-video-mostra-tromba-dagua-em-praia-de-florianopolis.html, https://g1.globo.com/sc/santa-catarina/noticia/2024/01/26/tromba-dagua-praia-de-florianopolis-video.ghtml, , https://www.nsctotal.com.br/noticias/video-tornado-na-superficie-da-agua-e-registrado-em-praia-do-norte-de-florianopolis, https://diariodonordeste.verdesmares.com.br/ultima-hora/pais/tromba-dagua-em-mar-de-florianopolis-assusta-moradores-veja-video-1.347167271672, https://scc10.com.br/cotidiano/tempo/video-tromba-dagua-e-registrada-em-praia-de-sc/, https://www.defesacivil.sc.gov.br/noticias/notas-oficiais/nota-meteorologica-sdc-sc-26-01-ocorrencia-de-uma-tromba-dagua-em-florianopolis/, https://scc10.com.br/es/diario/tempo/Video-de-tromba-marina-grabado-en-playa-de-Florian%C3%B3polis/, https://www.instagram.com/p/C2kNIW-ACVn/?utm_source=ig_web_copy_link&igsh=MzRlODBiNWFlZA==, https://www.instagram.com/p/C2kUxheAxcy/?utm_source=ig_web_copy_link&igsh=MzRlODBiNWFlZA=="
1,20240502,1640,30,-268.046,-520.408,0.2,Passos Maia,SC,TOR,0.0,"RRR.Danos Convergentes. Mata decepada na Curva do Poldo, rod.SC-154 na ZR. https://www.defesacivil.sc.gov.br/noticias/notas-oficiais/nota-meteorologica-sdc-sc-02-05-registro-de-tornado-em-passos-maia-na-tarde-desta-quinta-feira-02-05/,  https://ndmais.com.br/tempo/video-vendaval-derruba-arvores-em-municipio-de-sc/?fbclid=IwZXh0bgNhZW0CMTEAAR18ALdNh8gkA5Bk2Gz6vfTPkL3xd-XP6Ew2eSfCBYCgQtGrEUDUCXkdmfA_aem_Afo5A5fsQiNQIivmEGC096KA1Ju2ndxem3rFogFcoDfMmjM6QFgmDKjVd1CVsqlr_-Kjmu391l3YDogglugqMFz7, https://ndmais.com.br/tempo/video-vendaval-derruba-arvores-em-municipio-de-sc/, https://republicanoticias.com.br/2024/05/03/tornado-atingiu-sc-e-arrancou-arvores-pela-raiz-nesta-quinta-feira/, https://canalideal.com.br/noticia/fotos-municipios-do-oeste-registram-prejuizos-por-conta-das-chuvas, https://www.facebook.com/PauloMunarettiNews/posts/pfbid0queTAVLRk8H7NeC5jhQ92Uuje4RQzPLeoQTicXywpkC2UrXdLkngGiy3RHAHn8fnl, https://g1.globo.com/sc/santa-catarina/noticia/2024/05/03/tornado-derruba-arranca-arvores-em-sc-video.ghtml, https://www.facebook.com/watch/?v=2116979645346032&ref=sharing"
1,20240502,1640,30,-268.259,-520.553,0.1,Passos Maia,SC,TOR,0.0,RRR.Danos convergentes em mata nativa. Observação por satélite ambiental.
1,20240502,1640,30,-268.088,-520.430,0.1,Passos Maia,SC,TOR,0.0,RRR.Danos convergentes em mata nativa. Observação por satélite ambiental.
1,20240502,1640,30,-267.993,-520.381,0.1,Passos Maia,SC,TOR,0.0,RRR.Danos convergentes em mata nativa. Observação por satélite ambiental.
1,20240502,1640,30,-268.157,-520.473,0.1,Passos Maia,SC,TOR,0.0,RRR.Danos convergentes em mata nativa. Observação por satélite ambiental.